id	label	level	desc	connections	color	validated
049fbde7-e335-5778-8bce-20b72d2b2fae	BABOK® Guide v3 - Toàn diện Khung Phân tích Nghiệp vụ Quốc tế	1	Tiêu chuẩn toàn cầu được công nhận bởi IIBA về phân tích nghiệp vụ, cung cấp khung 6 Khối kiến thức (Knowledge Areas), Mô hình khái niệm cốt lõi BACCM, 50 kỹ thuật thực chiến và nhóm năng lực nền tảng giúp thúc đẩy sự thay đổi mang lại giá trị thực tế cho doanh nghiệp.	663f03f9-d35e-54f0-9cd2-d4401b48dcaa;408840a4-21a6-51f2-8298-de41a2e7d9cd;623ccf52-d397-5f51-9540-37763b08726b;881e5b2b-4813-5e5a-8f38-1e03db520aed;938399fb-f856-5b1e-a624-d33ef2b9d16d;602f6404-5ae1-59d9-b772-e9cab7bdd158;6164c582-b9f5-550c-8da9-46c97ecb89b9;979db1ed-bba3-59de-814c-3b5fcb360dbf	#1E293B	true
663f03f9-d35e-54f0-9cd2-d4401b48dcaa	Những khái niệm chính trong Phân tích nghiệp vụ & Mô hình BACCM	2	Bộ khung định hình bản chất của phân tích nghiệp vụ gồm 6 khái niệm cốt lõi (BACCM: Thay đổi, Nhu cầu, Giải pháp, Giá trị, Các bên liên quan, Bối cảnh), cấu trúc phân loại 4 cấp độ yêu cầu, phân biệt yêu cầu với thiết kế, và chân dung 10 bên liên quan trọng yếu.	049fbde7-e335-5778-8bce-20b72d2b2fae;844f2452-707e-55af-b265-fe14042dc140;ee395cdd-cd9a-5f1f-8ac0-cc8a6dc75341;b1f9206d-bed3-539c-a7ac-dd241de1f2e4;784e9522-6987-51ca-8175-6249a6f26854	#D97706	true
408840a4-21a6-51f2-8298-de41a2e7d9cd	Business Analysis Planning and Monitoring (BAPM)	2	Khối kiến thức hướng dẫn tổ chức, điều phối và kiểm soát toàn bộ nỗ lực phân tích nghiệp vụ xuyên suốt sáng kiến. Giúp xác định cách tiếp cận (Dự đoán vs Thích ứng), gắn kết các bên liên quan, thiết lập quy trình quản trị, quản lý tài sản thông tin và liên tục đo lường cải tiến hiệu suất công việc của BA.	049fbde7-e335-5778-8bce-20b72d2b2fae;5224b426-07b5-540d-9dee-8490a29d1207;e191ec07-3e81-525d-8e3f-785d981ab395;41c95f67-613f-5f53-84e7-13ce1b7842b5;ba0bf964-c767-5032-8e84-32f1ddb50fa0;6e46fcf5-5e66-579d-ab4b-b5c85076f94c	#2563EB	true
623ccf52-d397-5f51-9540-37763b08726b	Underlying Competencies	2	Tập hợp các phẩm chất cá nhân, tư duy, kiến thức nghiệp vụ, kỹ năng giao tiếp tương tác và năng lực công nghệ giúp BA hành nghề chuyên nghiệp, tạo dựng niềm tin và dẫn dắt các bên liên quan vượt qua sự mơ hồ để tạo ra đột phá.	049fbde7-e335-5778-8bce-20b72d2b2fae;6b787aac-3340-54bb-8dd5-c2713006e12f;2af65463-0b98-5eb1-9ba6-f998e8083afb;987ab0e7-3b35-5a0d-8dfc-4ae371c33506;4a5e7c70-a44f-5da9-95f3-be6d8fcb62d6;cce466c0-fa82-51f0-8a9c-9fea74131f94;75680ed5-fa7e-5a58-bd55-296efc7bdf81	#475569	true
881e5b2b-4813-5e5a-8f38-1e03db520aed	Elicitation and Collaboration	2	Khối kiến thức mô tả việc chuẩn bị, tiến hành và xác nhận thông tin nghiệp vụ từ các bên liên quan; đồng thời truyền đạt thông tin liên tục và nuôi dưỡng mối quan hệ hợp tác đa chiều trong suốt vòng đời dự án.	049fbde7-e335-5778-8bce-20b72d2b2fae;cd88db28-6da1-5e47-a355-eed9493c363a;e54ab72f-cdf7-513e-9af4-e9d88f090d98;bd78bb9e-a13b-54b3-b443-0c6aa02b8e72;3d117562-8f35-5464-9759-d8c512a8e440;7dfd236f-7b1d-5174-a80a-91ea74b7f66e	#059669	true
938399fb-f856-5b1e-a624-d33ef2b9d16d	Requirements Analysis and Design Definition (RADD)	2	Khối kiến thức biến các thông tin thô thu thập được thành các mô hình yêu cầu cụ thể, xác minh chất lượng, xác nhận tính phù hợp giá trị, kiến trúc hóa cấu trúc thông tin, đồng thời phát triển các tùy chọn thiết kế và đề xuất giải pháp tối ưu.	049fbde7-e335-5778-8bce-20b72d2b2fae;0cae8f8c-2042-5cc8-849b-3172cd85a52e;4561301d-a10b-5730-9104-41c6e4926732;2c5fe3a9-7a7c-5076-be31-1a81e3fa7dca;58392fb5-3ec9-5b6e-a044-3a31b41eade8;b3b1fcdf-0432-50a2-a3a2-96ac55172ef1;6099c115-0a06-5aa2-bf2c-8a624f904fde	#DB2777	true
602f6404-5ae1-59d9-b772-e9cab7bdd158	Requirements Life Cycle Management	2	Khối kiến thức kiểm soát yêu cầu và thiết kế từ khi xuất hiện đến lúc loại bỏ. Đảm bảo tính liên kết truy xuất nguồn gốc (traceability), duy trì tái sử dụng, xếp hạng ưu tiên khách quan, đánh giá tác động thay đổi và đạt được phê duyệt chính thức.	049fbde7-e335-5778-8bce-20b72d2b2fae;57ea410d-88f2-5866-98cc-5697ab43d7d0;caaf5c76-b6ef-505c-be9b-107c4b6746d3;d23b170a-d95f-543a-9e6a-1d25fe5ba95f;5dc6013e-3bcd-5ea6-9bd1-df8af8c1dec9;cef65728-a3e2-5cb5-96da-6d498714d068	#EA580C	true
6164c582-b9f5-550c-8da9-46c97ecb89b9	Solution Evaluation	2	Khối kiến thức thẩm định hiệu quả thực tế của giải pháp đã triển khai (hoặc nguyên mẫu thử nghiệm), phân tích các rào cản ngăn cản giải pháp hoặc doanh nghiệp khai phóng tối đa giá trị, và đưa ra khuyến nghị hành động khắc phục.	049fbde7-e335-5778-8bce-20b72d2b2fae;d331594a-da1e-54e7-948b-f7cc443afb6a;bd852669-b0d3-575c-9342-e232986379b5;8485acbc-210f-5ada-93be-66fb436f71da;93e5e972-31a1-5b5d-8a71-267c6422789e;2a7ba964-2983-5bfa-a69b-770ee78be3fc	#0891B2	true
979db1ed-bba3-59de-814c-3b5fcb360dbf	Strategy Analysis	2	Khối kiến thức định vị doanh nghiệp từ trạng thái hiện tại (Current State) sang trạng thái tương lai (Future State) mong muốn. Giúp nhận diện nhu cầu chiến lược, đánh giá năng lực hiện có, thẩm định rủi ro và xác lập lộ trình chiến lược thay đổi tối ưu.	049fbde7-e335-5778-8bce-20b72d2b2fae;8068ba7f-84a8-5bbf-a8ee-8237a82f99fe;6b96d09b-b86a-5e6c-b2b4-76c39faa00ac;a4244902-514b-57c2-9f55-9946dba19cf0;d2aec788-8114-520a-9d9f-bfce269be902	#7C3AED	true
844f2452-707e-55af-b265-fe14042dc140	Business Analysis Core Concept Model	3	Khung tư duy 6 yếu tố tương hỗ bình đẳng mô tả toàn diện bản chất công việc phân tích nghiệp vụ. Mọi tác vụ BA dù lớn hay nhỏ đều tác động hoặc bị chi phối bởi mối quan hệ giữa 6 khái niệm này.	b85bea86-46b2-594e-9b1a-72254af7d279;059b0651-4d18-52d7-a51c-14e307ced84b;7be7f66a-42ea-5fad-a32c-63c5c32b71c3;7cb1ab9d-b80c-5a10-9671-12b012e613f6;1a99740a-9daf-598a-a9d9-a84b7688ff3f;772cbebd-2312-5595-aeff-707d3103ee70;663f03f9-d35e-54f0-9cd2-d4401b48dcaa	#D97706	true
ee395cdd-cd9a-5f1f-8ac0-cc8a6dc75341	Requirements Classification Schema	3	Phân tầng 4 cấp bậc yêu cầu theo mức độ chi tiết và đối tượng thụ hưởng nhằm đảm bảo sự thống nhất và truy xuất nguồn gốc từ mục tiêu chiến lược xuống hệ thống kỹ thuật.	663f03f9-d35e-54f0-9cd2-d4401b48dcaa;3eace481-240e-580b-a4a4-c031b48bf5c3;d9e66aec-9a1d-53f4-8855-b4a70b0011c8;ce6ac3c5-20aa-5a27-9f54-ba4d89202f3c;fa673824-0d8c-58b8-ae34-c1cf9ee93f7e	#D97706	true
b1f9206d-bed3-539c-a7ac-dd241de1f2e4	Requirements vs Designs	3	Ranh giới động giữa bản chất cần đạt được và phương thức cụ thể hóa: Yêu cầu tập trung vào Nhu cầu (Cái gì cần làm? Ai cần?), Thiết kế tập trung vào Giải pháp (Làm như thế nào? Cấu trúc ra sao?). Cùng một nội dung có thể là thiết kế ở tầng trên nhưng lại là yêu cầu ở tầng dưới.	663f03f9-d35e-54f0-9cd2-d4401b48dcaa;0cae8f8c-2042-5cc8-849b-3172cd85a52e;b3b1fcdf-0432-50a2-a3a2-96ac55172ef1	#D97706	true
784e9522-6987-51ca-8175-6249a6f26854	Standard Stakeholders	3	Hệ thống định danh các vai trò trọng yếu tham gia tương tác với BA trong toàn bộ vòng đời phân tích: Nhà tài trợ (Sponsor), Khách hàng, Người dùng cuối, Chuyên gia nghiệp vụ (Domain SME), Chuyên gia triển khai (Implementation SME), Quản lý dự án (PM), Quản lý chất lượng (Tester/QA), Cơ quan quản lý (Regulator), Hỗ trợ vận hành (Ops), Nhà cung cấp (Supplier).	1a99740a-9daf-598a-a9d9-a84b7688ff3f;663f03f9-d35e-54f0-9cd2-d4401b48dcaa;e191ec07-3e81-525d-8e3f-785d981ab395	#D97706	true
5224b426-07b5-540d-9dee-8490a29d1207	Plan BA Approach	3	Xác lập phương pháp luận tổng thể để triển khai các hoạt động BA: lựa chọn giữa cách tiếp cận dự đoán (Predictive / Waterfall) hay thích ứng (Adaptive / Agile), xác định mức độ chi tiết tài liệu, phân bổ thời gian và quản trị rủi ro công việc.	7be7f66a-42ea-5fad-a32c-63c5c32b71c3;b54f164d-61e7-5f9c-ac53-7c3b37d332c6;810898dc-e78f-51ce-a246-21cc23f790f4;408840a4-21a6-51f2-8298-de41a2e7d9cd;a42ee778-0eb6-55e5-a5ea-a8c6b59e599e;216db8a2-d5bc-51c6-a496-1d5070a93e81;925acfd5-7c57-51af-8358-055166f8eb0b	#2563EB	true
e191ec07-3e81-525d-8e3f-785d981ab395	Plan Stakeholder Engagement	3	Nhận diện toàn diện các bên liên quan, phân tích mức độ quyền lực/mối quan tâm, thái độ đón nhận thay đổi, từ đó thiết lập chiến lược tương tác, kênh giao tiếp và mức độ tham gia phù hợp.	1a99740a-9daf-598a-a9d9-a84b7688ff3f;5e7da57f-a4f1-5640-b5ec-3b173614efa1;408840a4-21a6-51f2-8298-de41a2e7d9cd;a42ee778-0eb6-55e5-a5ea-a8c6b59e599e;ee5bc760-cef5-574f-97e6-963de23fe458;784e9522-6987-51ca-8175-6249a6f26854;e2eb7d45-46e0-5408-a048-a0c46dee897a;6a6dfced-ba4d-57a5-9e6f-04dcd7407632	#2563EB	true
41c95f67-613f-5f53-84e7-13ce1b7842b5	Plan BA Governance	3	Thiết lập cơ chế ra quyết định, luồng kiểm soát thay đổi, quy trình phê duyệt yêu cầu, và cách thức xếp hạng ưu tiên nhằm duy trì tính minh bạch và kỷ luật dự án.	8c3ec12a-5ca8-5524-8e50-8a2ae2809fcb;408840a4-21a6-51f2-8298-de41a2e7d9cd;a42ee778-0eb6-55e5-a5ea-a8c6b59e599e;5aaff8a6-c0c0-5ce1-b2eb-157998fee775	#2563EB	true
ba0bf964-c767-5032-8e84-32f1ddb50fa0	Plan BA Information Management	3	Xác định cách tổ chức, lưu trữ, truy xuất nguồn gốc (traceability), cấp độ chi tiết và các thuộc tính (attributes) gắn kèm thông tin BA để tái sử dụng lâu dài.	bd984852-a9ae-560d-a1ab-9a648fab2058;408840a4-21a6-51f2-8298-de41a2e7d9cd;a42ee778-0eb6-55e5-a5ea-a8c6b59e599e;b76836da-e87c-5847-b869-d9fa03c3bbd7	#2563EB	true
6e46fcf5-5e66-579d-ab4b-b5c85076f94c	Identify BA Performance Improvements	3	Đo lường chất lượng công việc của BA trong suốt dự án, so sánh với kỳ vọng, thu thập bài học kinh nghiệm và đưa ra các hành động khắc phục, cải tiến quy trình.	408840a4-21a6-51f2-8298-de41a2e7d9cd;a42ee778-0eb6-55e5-a5ea-a8c6b59e599e;87bb3319-819f-5ef1-b5ab-b588cd800ea9;85ef3ee9-1d90-5b24-94e6-3c9899fd9c56	#2563EB	true
6b787aac-3340-54bb-8dd5-c2713006e12f	Analytical Thinking & Problem Solving	3	Khả năng phân tích thấu đáo các vấn đề phức tạp, bóc tách dữ liệu đa chiều, suy nghĩ sáng tạo và đưa ra các quyết định có căn cứ sắc bén.	aeb41992-0ca2-5561-82dc-eb5eb84e9143;79b8bac7-efb5-5751-b48c-79917cfb43e8;c586ee07-87e8-5f62-84d9-e9a9d10eaef3;623ccf52-d397-5f51-9540-37763b08726b	#475569	true
2af65463-0b98-5eb1-9ba6-f998e8083afb	Behavioural Characteristics	3	Các phẩm chất tính cách tạo dựng uy tín cá nhân của BA: Đạo đức nghề nghiệp, tính tin cậy, trách nhiệm cá nhân, khả năng tự thích ứng và quản lý thời gian kỷ luật.	9ccc5f66-a9fe-5859-839e-79dbc5996409;5af0b923-3636-5ee6-991d-960ca6a4680b;10fd2a26-3371-5fb0-b2d2-4fe9c38a455f;623ccf52-d397-5f51-9540-37763b08726b	#475569	true
987ab0e7-3b35-5a0d-8dfc-4ae371c33506	Business Knowledge	3	Sự hiểu biết sâu sắc về ngành nghề hoạt động, cấu trúc tổ chức, mô hình kinh doanh, quy định pháp luật và công nghệ áp dụng trong lĩnh vực của doanh nghiệp.	93c4b60c-562a-59a2-a787-41c6d2a573f1;a117ef4b-2582-56f9-ae20-48ccf728891f;cecc8f48-669f-518b-9d90-0d63cd90633d;623ccf52-d397-5f51-9540-37763b08726b	#475569	true
4a5e7c70-a44f-5da9-95f3-be6d8fcb62d6	Communication Skills	3	Khả năng diễn đạt thông tin rõ ràng, khúc chiết qua ngôn từ nói, tài liệu viết và ngôn ngữ hình thể; đặc biệt là kỹ năng lắng nghe chủ động để nắm bắt trọn vẹn thông điệp.	f6232434-01ff-5f5a-bc78-724809fbcf83;7c2e21f2-78bc-5196-8764-e4fefb4f11e7;9974d778-a494-5786-8027-eed19cc0d94f;f8130ae2-89f2-581f-b5c1-e7a5c64c5812;623ccf52-d397-5f51-9540-37763b08726b	#475569	true
cce466c0-fa82-51f0-8a9c-9fea74131f94	Interaction Skills	3	Năng lực hợp tác đa phòng ban, kỹ năng điều phối cuộc họp (facilitation), khả năng lãnh đạo tạo tầm ảnh hưởng, và kỹ thuật đàm phán giải quyết xung đột.	b3decdb0-ed54-5404-a8d1-231b6404c2cb;eb06347b-7934-5403-b877-55263c83e487;b45f4b8f-a6af-5ade-a436-777c33ac23af;623ccf52-d397-5f51-9540-37763b08726b	#475569	true
75680ed5-fa7e-5a58-bd55-296efc7bdf81	Tools and Technology	3	Năng lực sử dụng thành thạo các phần mềm văn phòng, công cụ quản lý yêu cầu (Jira, Confluence, Azure DevOps), phần mềm mô hình hóa quy trình và thiết kế nguyên mẫu.	fef1af02-b5ca-500f-9ea0-e1916e65943d;84825c17-9120-5b79-87d6-b3ce5a33a99f;021d2957-4b1a-5c11-b522-9f0137e07918;623ccf52-d397-5f51-9540-37763b08726b	#475569	true
cd88db28-6da1-5e47-a355-eed9493c363a	Prepare for Elicitation	3	Xác lập phạm vi thông tin cần thu thập, lựa chọn các kỹ thuật khơi gợi thích hợp (Phỏng vấn, Khảo sát, Quan sát, Hội thảo), chuẩn bị hậu cần và điều kiện tiên quyết.	03933a6b-d5fa-57ed-b380-ba62ee0a63ec;881e5b2b-4813-5e5a-8f38-1e03db520aed;a42ee778-0eb6-55e5-a5ea-a8c6b59e599e;ee5bc760-cef5-574f-97e6-963de23fe458;bd66dda3-151b-57d6-81ce-4593d14646cc	#059669	true
e54ab72f-cdf7-513e-9af4-e9d88f090d98	Conduct Elicitation	3	Thực thi các hoạt động khơi gợi theo 3 hình thức: Hợp tác (hội thảo, phỏng vấn trực tiếp), Nghiên cứu (đọc tài liệu, phân tích đối chuẩn) hoặc Thử nghiệm (tạo nguyên mẫu, quan sát tại chỗ).	881e5b2b-4813-5e5a-8f38-1e03db520aed;a42ee778-0eb6-55e5-a5ea-a8c6b59e599e;bd66dda3-151b-57d6-81ce-4593d14646cc;da9c6c95-2465-5fed-82ef-260eb2959f27;262a0771-8fa1-5a6a-be20-f0197aaf2d28;83e6030e-f773-5f24-91d4-858c5b433157;79054801-1102-5f70-838f-9f4b80b166ca	#059669	true
bd78bb9e-a13b-54b3-b443-0c6aa02b8e72	Confirm Elicitation Results	3	Kiểm tra tính chính xác, tính nhất quán của thông tin thu thập được với ý định thực tế của bên liên quan; phát hiện lỗ hổng hiểu lầm và làm rõ các điểm mâu thuẫn.	881e5b2b-4813-5e5a-8f38-1e03db520aed;da9c6c95-2465-5fed-82ef-260eb2959f27;ff4dd6cf-8291-5a6b-a8bd-00d2e3ec86f8;ce6ac3c5-20aa-5a27-9f54-ba4d89202f3c	#059669	true
3d117562-8f35-5464-9759-d8c512a8e440	Communicate BA Information	3	Truyền tải thông tin nghiệp vụ, yêu cầu và thiết kế đến đúng đối tượng, đúng thời điểm bằng định dạng phù hợp (thuyết trình, báo cáo, walkthrough, bảng tổng quan).	ec2e3268-3998-5356-b63b-fae04cf628de;881e5b2b-4813-5e5a-8f38-1e03db520aed;a42ee778-0eb6-55e5-a5ea-a8c6b59e599e;07836547-2108-55ed-a6b8-6b68c42bcc1f	#059669	true
7dfd236f-7b1d-5174-a80a-91ea74b7f66e	Manage Stakeholder Collaboration	3	Chủ động khuyến khích, tạo động lực và duy trì cam kết bền vững từ các bên liên quan; kịp thời nhận diện dấu hiệu giảm nhiệt huyết hoặc kháng cự để tháo gỡ.	1a99740a-9daf-598a-a9d9-a84b7688ff3f;881e5b2b-4813-5e5a-8f38-1e03db520aed;a42ee778-0eb6-55e5-a5ea-a8c6b59e599e;ee5bc760-cef5-574f-97e6-963de23fe458;397c5a38-a449-5658-8ec4-7b04f2a96142	#059669	true
0cae8f8c-2042-5cc8-849b-3172cd85a52e	Specify and Model Requirements	3	Chuyển đổi thông tin khơi gợi thô thành các mô hình trực quan và bản mô tả chính xác (Ma trận, Sơ đồ luồng, Use Case, User Story, Mô hình dữ liệu) theo quy chuẩn phân tích.	938399fb-f856-5b1e-a624-d33ef2b9d16d;ff4dd6cf-8291-5a6b-a8bd-00d2e3ec86f8;dda2e354-400a-53bb-86e7-0812ddadacd7;bc4b9b24-d53a-5f35-9a53-41095694c933;d9e66aec-9a1d-53f4-8855-b4a70b0011c8;b1f9206d-bed3-539c-a7ac-dd241de1f2e4;2434fb42-3898-5cf7-b748-37d4689f8ebb;7a55b746-09d4-53ed-aed8-09583817426d;088c548a-5400-5569-9999-6dffce1c36c8;06d74d85-60ae-593a-990e-7385c0a860dc	#DB2777	true
4561301d-a10b-5730-9104-41c6e4926732	Verify Requirements	3	Đảm bảo bộ yêu cầu và thiết kế đạt chuẩn chất lượng phân tích (tính đầy đủ, nhất quán, rõ ràng, không mâu thuẫn, khả kiểm và tuân thủ định dạng mẫu quy định).	938399fb-f856-5b1e-a624-d33ef2b9d16d;848afcf7-8c5c-5dd7-93e6-18e7e86eb25b;bc4b9b24-d53a-5f35-9a53-41095694c933;1a16754c-3735-54bd-90a1-c1c02342eb8b;79967eb7-4971-5bd5-903d-5e9c219b1b22	#DB2777	true
2c5fe3a9-7a7c-5076-be31-1a81e3fa7dca	Validate Requirements	3	Đảm bảo rằng toàn bộ yêu cầu và thiết kế trực tiếp đóng góp vào việc thỏa mãn các mục tiêu nghiệp vụ chiến lược và mang lại giá trị thực tế cho doanh nghiệp (Làm đúng thứ cần làm).	938399fb-f856-5b1e-a624-d33ef2b9d16d;e5378321-fb05-54a5-a410-74a01df7cb59;bc4b9b24-d53a-5f35-9a53-41095694c933;1a16754c-3735-54bd-90a1-c1c02342eb8b;3d5d15b9-7eb9-5db3-a51f-3fb1da3e087a	#DB2777	true
58392fb5-3ec9-5b6e-a044-3a31b41eade8	Define Requirements Architecture	3	Cấu trúc hóa toàn bộ các yêu cầu thành một chỉnh thể logic mạch lạc, phân loại theo tầng bậc để các bên liên quan thấy rõ bức tranh tổng thể và mối tương quan giữa các cấu phần.	9d7e8416-a548-5c97-b5e4-b79a89580de6;938399fb-f856-5b1e-a624-d33ef2b9d16d;bc4b9b24-d53a-5f35-9a53-41095694c933;8be1a8ea-47bd-59fd-be27-59033b64638d	#DB2777	true
b3b1fcdf-0432-50a2-a3a2-96ac55172ef1	Define Design Options	3	Phát triển nhiều phương án giải pháp khác nhau có thể thỏa mãn yêu cầu: Lựa chọn giữa tự xây dựng (Build), mua phần mềm đóng gói (Buy/COTS), hay thuê dịch vụ ngoài (Outsource/SaaS).	7cb1ab9d-b80c-5a10-9671-12b012e613f6;938399fb-f856-5b1e-a624-d33ef2b9d16d;88690d55-684b-540d-9000-b758d535981f;944dd59c-951f-550f-ae1a-25db1092d546;8be1a8ea-47bd-59fd-be27-59033b64638d;492d1b35-e507-58c3-8ffd-ba09596c15bf;fa673824-0d8c-58b8-ae34-c1cf9ee93f7e;b1f9206d-bed3-539c-a7ac-dd241de1f2e4;915e7b42-3dc8-5c26-ac6c-58b751c29968;d27be2ce-698f-5529-a50a-8ca45be0b3fb	#DB2777	true
6099c115-0a06-5aa2-bf2c-8a624f904fde	Analyze Potential Value and Recommend Solution	3	So sánh chi phí, lợi ích kỳ vọng và rủi ro của từng tùy chọn thiết kế; chọn ra giải pháp tối ưu nhất mang lại tỷ suất giá trị ròng cao nhất cho doanh nghiệp để khuyến nghị triển khai.	772cbebd-2312-5595-aeff-707d3103ee70;938399fb-f856-5b1e-a624-d33ef2b9d16d;e5378321-fb05-54a5-a410-74a01df7cb59;492d1b35-e507-58c3-8ffd-ba09596c15bf;57ac4ee5-2409-5d03-888e-a57f2d710b70;89d4d3dd-6778-5fa0-999f-a7e21494eb85	#DB2777	true
57ea410d-88f2-5866-98cc-5697ab43d7d0	Trace Requirements	3	Thiết lập mối liên kết hai chiều giữa các cấp độ yêu cầu, thiết kế, ca kiểm thử và mục tiêu nghiệp vụ nhằm kiểm soát độ bao phủ (coverage) và phân tích tác động khi có thay đổi.	b1894f25-d020-5b5a-bf0b-bd31e3aed080;602f6404-5ae1-59d9-b772-e9cab7bdd158;b76836da-e87c-5847-b869-d9fa03c3bbd7;ff4dd6cf-8291-5a6b-a8bd-00d2e3ec86f8;848afcf7-8c5c-5dd7-93e6-18e7e86eb25b;9b3c342b-0e4a-5d0a-8f15-0f277c59e735	#EA580C	true
caaf5c76-b6ef-505c-be9b-107c4b6746d3	Maintain Requirements	3	Giữ cho các yêu cầu và thiết kế luôn chính xác, cập nhật theo thời gian thực sau khi đã nghiệm thu để có thể tái sử dụng lâu dài cho các dự án mở rộng hoặc bảo trì hệ thống.	a24c234c-49c0-5822-ace2-05f47ad16850;602f6404-5ae1-59d9-b772-e9cab7bdd158;b76836da-e87c-5847-b869-d9fa03c3bbd7;eaa73859-c5e4-5e53-9a4e-15b58b299cee	#EA580C	true
d23b170a-d95f-543a-9e6a-1d25fe5ba95f	Prioritize Requirements	3	Xếp hạng tầm quan trọng và mức độ khẩn cấp của các yêu cầu dựa trên giá trị kinh doanh, rủi ro, chi phí, tính phụ thuộc kỹ thuật và hạn mức ngân sách nguồn lực.	602f6404-5ae1-59d9-b772-e9cab7bdd158;5aaff8a6-c0c0-5ce1-b2eb-157998fee775;88690d55-684b-540d-9000-b758d535981f;1b2dde7e-65d1-53ec-a327-bd1123f4e953;c0a7b8db-0140-5eb1-95f1-add181339c35	#EA580C	true
5dc6013e-3bcd-5ea6-9bd1-df8af8c1dec9	Assess Requirements Changes	3	Khi có đề xuất thay đổi phát sinh trong dự án, BA phải phân tích toàn diện tác động về mặt chi phí, thời gian biểu, kiến trúc giải pháp, rủi ro và giá trị mang lại trước khi quyết định.	b85bea86-46b2-594e-9b1a-72254af7d279;8c3ec12a-5ca8-5524-8e50-8a2ae2809fcb;602f6404-5ae1-59d9-b772-e9cab7bdd158;5aaff8a6-c0c0-5ce1-b2eb-157998fee775;848afcf7-8c5c-5dd7-93e6-18e7e86eb25b;f325978b-68cd-5eb7-b17a-d00b0f5a3896;feceaf0a-a5cf-58b4-ac7f-42c85f3a06d1;351bcdb2-a3a1-5c05-9084-7c8352e3e4ba	#EA580C	true
cef65728-a3e2-5cb5-96da-6d498714d068	Approve Requirements	3	Đạt được sự thống nhất chính thức từ các bên liên quan có thẩm quyền về việc các yêu cầu và thiết kế đã đầy đủ, chính xác và sẵn sàng chuyển giao cho giai đoạn lập trình kiểm thử.	602f6404-5ae1-59d9-b772-e9cab7bdd158;5aaff8a6-c0c0-5ce1-b2eb-157998fee775;f325978b-68cd-5eb7-b17a-d00b0f5a3896;c317153c-09a0-5e9d-970e-70a29e5b1490;3d5d15b9-7eb9-5db3-a51f-3fb1da3e087a	#EA580C	true
d331594a-da1e-54e7-948b-f7cc443afb6a	Measure Solution Performance	3	Thu thập các chỉ số dữ liệu vận hành thực tế của giải pháp sau khi go-live để đánh giá mức độ đáp ứng mục tiêu kinh doanh đã cam kết.	7cb1ab9d-b80c-5a10-9671-12b012e613f6;cf7525fc-7336-50e8-a4ca-476f53f00d85;6164c582-b9f5-550c-8da9-46c97ecb89b9;57ac4ee5-2409-5d03-888e-a57f2d710b70;81c78db7-6e28-5d43-9a26-f2527ad569b9	#0891B2	true
bd852669-b0d3-575c-9342-e232986379b5	Analyze Performance Measures	3	Đối chiếu số liệu thực tế đo được với mục tiêu kỳ vọng ban đầu; phân tích các khoảng cách chênh lệch và xu hướng biến động giá trị theo thời gian.	6164c582-b9f5-550c-8da9-46c97ecb89b9;81c78db7-6e28-5d43-9a26-f2527ad569b9;9e17f7e9-b369-5173-a6a5-c54c0822ecc5	#0891B2	true
8485acbc-210f-5ada-93be-66fb436f71da	Assess Solution Limitations	3	Nhận diện các lỗi kỹ thuật, khiếm khuyết trong thiết kế hoặc điểm nghẽn hiệu năng bên trong chính bản thân giải pháp khiến nó chưa phát huy tối đa giá trị.	6164c582-b9f5-550c-8da9-46c97ecb89b9;9e17f7e9-b369-5173-a6a5-c54c0822ecc5;5a788b78-5fe7-5dac-8c1d-9981f7182626;fbe3efee-5a8d-57fa-9fbc-8b25b8a213a4	#0891B2	true
93e5e972-31a1-5b5d-8a71-267c6422789e	Assess Enterprise Limitations	3	Kiểm tra các rào cản bên ngoài giải pháp nhưng nằm trong tổ chức: Quy trình nội bộ cồng kềnh, chính sách bất cập, cơ cấu tổ chức phân mảnh hoặc văn hóa ngại công nghệ cản trở việc hấp thụ giải pháp.	059b0651-4d18-52d7-a51c-14e307ced84b;6164c582-b9f5-550c-8da9-46c97ecb89b9;9e17f7e9-b369-5173-a6a5-c54c0822ecc5;ba40d05d-67f6-579c-955c-d4c1d20303bb;dc439879-1929-5558-82e3-a7b85ec7c420	#0891B2	true
2a7ba964-2983-5bfa-a69b-770ee78be3fc	Recommend Actions to Increase Solution Value	3	Đề xuất các phương án xử lý cụ thể để giải phóng tiềm năng giá trị: Tinh chỉnh phần mềm, tái thiết kế quy trình làm việc, đào tạo bổ sung nhân sự, hoặc thậm chí khai tử (retire) giải pháp nếu chi phí duy trì vượt quá lợi ích.	772cbebd-2312-5595-aeff-707d3103ee70;6164c582-b9f5-550c-8da9-46c97ecb89b9;5a788b78-5fe7-5dac-8c1d-9981f7182626;ba40d05d-67f6-579c-955c-d4c1d20303bb;feceaf0a-a5cf-58b4-ac7f-42c85f3a06d1;6199a04a-445d-5afe-99c4-7dd32ebdb852	#0891B2	true
8068ba7f-84a8-5bbf-a8ee-8237a82f99fe	Analyze Current State	3	Thấu hiểu bối cảnh và lý do tại sao doanh nghiệp cần thay đổi; nhận diện nhu cầu cốt lõi, đánh giá năng lực hiện có (con người, quy trình, công cụ) và phát hiện các điểm nghẽn nghiêm trọng.	059b0651-4d18-52d7-a51c-14e307ced84b;7be7f66a-42ea-5fad-a32c-63c5c32b71c3;288c507b-3dbe-5a63-8dce-3379f6b05ac4;979db1ed-bba3-59de-814c-3b5fcb360dbf;a42ee778-0eb6-55e5-a5ea-a8c6b59e599e;dda2e354-400a-53bb-86e7-0812ddadacd7;feceaf0a-a5cf-58b4-ac7f-42c85f3a06d1;f00e5ab0-6f31-5bf6-abcc-986cf7939db5;f6504e50-a759-5506-a7ad-90af8c332811	#7C3AED	true
6b96d09b-b86a-5e6c-b2b4-76c39faa00ac	Define Future State	3	Xác định tầm nhìn, mục tiêu cụ thể và các chỉ số đo lường thành công (KPIs/OKRs) mà doanh nghiệp muốn đạt được sau khi hoàn thành sự thay đổi.	6c2d07f9-fadd-54bb-98a4-aca46da92be7;979db1ed-bba3-59de-814c-3b5fcb360dbf;dda2e354-400a-53bb-86e7-0812ddadacd7;e5378321-fb05-54a5-a410-74a01df7cb59;3eace481-240e-580b-a4a4-c031b48bf5c3;6bde11d4-7867-5d3a-9cc0-a0ac3c398bd5	#7C3AED	true
a4244902-514b-57c2-9f55-9946dba19cf0	Assess Risks	3	Thẩm định các yếu tố bất định có thể ảnh hưởng tiêu cực đến giá trị mong đợi của sự thay đổi; lượng hóa xác suất xảy ra và mức độ nghiêm trọng để lập kế hoạch ứng phó.	979db1ed-bba3-59de-814c-3b5fcb360dbf;a42ee778-0eb6-55e5-a5ea-a8c6b59e599e;dda2e354-400a-53bb-86e7-0812ddadacd7;e5378321-fb05-54a5-a410-74a01df7cb59;641c4780-2f81-5256-9224-24dd2181cf0e;1a685b09-0083-5771-bf70-b1eba76fab7f	#7C3AED	true
d2aec788-8114-520a-9d9f-bfce269be902	Define Change Strategy	3	Xây dựng lộ trình tối ưu để đưa doanh nghiệp vượt qua khoảng cách (Gap) từ trạng thái hiện tại sang trạng thái tương lai; phân bổ các giai đoạn chuyển đổi và tính toán hiệu quả đầu tư.	b85bea86-46b2-594e-9b1a-72254af7d279;979db1ed-bba3-59de-814c-3b5fcb360dbf;a42ee778-0eb6-55e5-a5ea-a8c6b59e599e;dda2e354-400a-53bb-86e7-0812ddadacd7;e5378321-fb05-54a5-a410-74a01df7cb59;641c4780-2f81-5256-9224-24dd2181cf0e;944dd59c-951f-550f-ae1a-25db1092d546;fa673824-0d8c-58b8-ae34-c1cf9ee93f7e;1c105a9c-9abe-50f4-8410-788023582ee1;53225092-7960-54d8-bc50-c15978b958ac	#7C3AED	true
b85bea86-46b2-594e-9b1a-72254af7d279	Change	4	Hành động biến đổi trạng thái để đáp ứng một nhu cầu. Thay đổi được thúc đẩy bởi phân tích nghiệp vụ thông qua việc vạch rõ cách thức chuyển giao giá trị mới và kiểm soát tác động.	844f2452-707e-55af-b265-fe14042dc140;5dc6013e-3bcd-5ea6-9bd1-df8af8c1dec9;d2aec788-8114-520a-9d9f-bfce269be902	#D97706	true
059b0651-4d18-52d7-a51c-14e307ced84b	Context	4	Phần môi trường xung quanh gây ảnh hưởng, bị ảnh hưởng bởi sự thay đổi và cung cấp dữ liệu đầu vào để hiểu rõ sự thay đổi (bao gồm văn hóa, công nghệ, pháp lý, cấu trúc tổ chức, đối thủ).	844f2452-707e-55af-b265-fe14042dc140;8068ba7f-84a8-5bbf-a8ee-8237a82f99fe;93e5e972-31a1-5b5d-8a71-267c6422789e	#D97706	true
7be7f66a-42ea-5fad-a32c-63c5c32b71c3	Need	4	Một vấn đề tồn đọng hoặc một cơ hội tiềm năng cần được doanh nghiệp nắm bắt và giải quyết. Nhu cầu có thể kích hoạt các sáng kiến thay đổi bằng cách thúc đẩy các bên liên quan hành động.	844f2452-707e-55af-b265-fe14042dc140;5224b426-07b5-540d-9dee-8490a29d1207;8068ba7f-84a8-5bbf-a8ee-8237a82f99fe	#D97706	true
7cb1ab9d-b80c-5a10-9671-12b012e613f6	Solution	4	Một phương thức cụ thể thỏa mãn một hoặc nhiều nhu cầu trong một bối cảnh nhất định. Giải pháp giải quyết vấn đề bằng cách thay đổi năng lực hiện tại hoặc bổ sung năng lực mới.	844f2452-707e-55af-b265-fe14042dc140;b3b1fcdf-0432-50a2-a3a2-96ac55172ef1;d331594a-da1e-54e7-948b-f7cc443afb6a	#D97706	true
1a99740a-9daf-598a-a9d9-a84b7688ff3f	Stakeholder	4	Một cá nhân hoặc nhóm có mối quan hệ với sự thay đổi, nhu cầu, hoặc giải pháp. Họ có thể bị ảnh hưởng trực tiếp, gián tiếp, hoặc có quyền lực tác động đến thành bại của sáng kiến.	844f2452-707e-55af-b265-fe14042dc140;784e9522-6987-51ca-8175-6249a6f26854;e191ec07-3e81-525d-8e3f-785d981ab395;7dfd236f-7b1d-5174-a80a-91ea74b7f66e	#D97706	true
772cbebd-2312-5595-aeff-707d3103ee70	Value	4	Sự đáng giá, tầm quan trọng hoặc tính hữu ích của một điều gì đó đối với một bên liên quan trong một bối cảnh cụ thể. Giá trị có thể hữu hình (doanh thu, tiết kiệm chi phí) hoặc vô hình (danh tiếng, trải nghiệm).	844f2452-707e-55af-b265-fe14042dc140;6099c115-0a06-5aa2-bf2c-8a624f904fde;2a7ba964-2983-5bfa-a69b-770ee78be3fc	#D97706	true
3eace481-240e-580b-a4a4-c031b48bf5c3	Business Requirements	4	Tuyên bố cấp cao về mục tiêu, mục đích và kết quả kỳ vọng của tổ chức khi thực hiện sáng kiến. Trả lời câu hỏi: Tại sao doanh nghiệp lại cần khởi chạy sự thay đổi này?	ee395cdd-cd9a-5f1f-8ac0-cc8a6dc75341;6b96d09b-b86a-5e6c-b2b4-76c39faa00ac	#D97706	true
d9e66aec-9a1d-53f4-8855-b4a70b0011c8	Solution Requirements	4	Mô tả các năng lực và phẩm chất của giải pháp đáp ứng yêu cầu của các bên liên quan. Chia thành Yêu cầu Chức năng (Functional: nghiệp vụ, hành vi phần mềm) và Yêu cầu Phi chức năng (Non-functional: bảo mật, tốc độ, tính sẵn sàng).	ee395cdd-cd9a-5f1f-8ac0-cc8a6dc75341;efccffb6-769a-5ce4-8c57-5aa64970bc79;5442b234-3c65-544d-85ae-11f4ea88ab80;0cae8f8c-2042-5cc8-849b-3172cd85a52e	#D97706	true
ce6ac3c5-20aa-5a27-9f54-ba4d89202f3c	Stakeholder Requirements	4	Nhu cầu của các bên liên quan cụ thể phải được thỏa mãn để đạt được yêu cầu doanh nghiệp. Cầu nối giữa mục tiêu cấp cao và tính năng chi tiết của giải pháp.	ee395cdd-cd9a-5f1f-8ac0-cc8a6dc75341;bd78bb9e-a13b-54b3-b443-0c6aa02b8e72	#D97706	true
fa673824-0d8c-58b8-ae34-c1cf9ee93f7e	Transition Requirements	4	Các năng lực tạm thời chỉ cần thiết để chuyển đổi suôn sẻ từ trạng thái hiện tại sang trạng thái tương lai (chuyển đổi dữ liệu cũ, đào tạo nhân sự, vận hành song song), sau khi chuyển giao xong sẽ hết hiệu lực.	ee395cdd-cd9a-5f1f-8ac0-cc8a6dc75341;d2aec788-8114-520a-9d9f-bfce269be902;b3b1fcdf-0432-50a2-a3a2-96ac55172ef1	#D97706	true
b54f164d-61e7-5f9c-ac53-7c3b37d332c6	Predictive vs Adaptive	4	Cân nhắc giữa tiếp cận dự đoán (giảm thiểu bất định, định nghĩa toàn diện yêu cầu trước khi code) và thích ứng (chấp nhận biến động, chia nhỏ yêu cầu theo chu kỳ sprint lặp đi lặp lại để sớm có phản hồi).	5224b426-07b5-540d-9dee-8490a29d1207	#2563EB	true
810898dc-e78f-51ce-a246-21cc23f790f4	Mức độ chi tiết và hình thức sản phẩm bàn giao BA	4	Quyết định văn bản hóa dạng đặc tả hình thức (Formal BRD/SRS) hay tài liệu linh hoạt (User Stories trên Jira, Acceptance Criteria, Bản phác thảo giao diện).	5224b426-07b5-540d-9dee-8490a29d1207	#2563EB	true
5e7da57f-a4f1-5640-b5ec-3b173614efa1	Stakeholder Analysis	4	Thấu hiểu mức độ ảnh hưởng, quyền lực ra quyết định, kỳ vọng cá nhân và rào cản tâm lý của từng nhóm stakeholder nhằm chủ động hóa giải xung đột quyền lợi.	e191ec07-3e81-525d-8e3f-785d981ab395	#2563EB	true
8c3ec12a-5ca8-5524-8e50-8a2ae2809fcb	Change Control Process	4	Quy chuẩn cách thức gửi yêu cầu thay đổi (CR), ai phân tích tác động, hội đồng nào có quyền phê duyệt (CCB), và thời điểm áp dụng thay đổi vào baseline dự án.	41c95f67-613f-5f53-84e7-13ce1b7842b5;5dc6013e-3bcd-5ea6-9bd1-df8af8c1dec9	#2563EB	true
bd984852-a9ae-560d-a1ab-9a648fab2058	Kiến trúc Tổ chức và Thuộc tính Yêu cầu	4	Thiết lập kho dữ liệu tập trung (SSOT/Wiki/Jira), định danh mã ID duy nhất, trạng thái (Draft, Approved), độ phức tạp, và nguồn gốc phát sinh của từng hạng mục.	ba0bf964-c767-5032-8e84-32f1ddb50fa0	#2563EB	true
a42ee778-0eb6-55e5-a5ea-a8c6b59e599e	Business Analysis Approach	4	Kế hoạch tài liệu hóa lộ trình, quy trình, kỹ thuật và công cụ phân tích nghiệp vụ được áp dụng xuyên suốt sáng kiến; làm chuẩn mực dẫn hướng cho mọi công việc tiếp theo.	5224b426-07b5-540d-9dee-8490a29d1207;e191ec07-3e81-525d-8e3f-785d981ab395;41c95f67-613f-5f53-84e7-13ce1b7842b5;ba0bf964-c767-5032-8e84-32f1ddb50fa0;6e46fcf5-5e66-579d-ab4b-b5c85076f94c;cd88db28-6da1-5e47-a355-eed9493c363a;e54ab72f-cdf7-513e-9af4-e9d88f090d98;3d117562-8f35-5464-9759-d8c512a8e440;7dfd236f-7b1d-5174-a80a-91ea74b7f66e;8068ba7f-84a8-5bbf-a8ee-8237a82f99fe;a4244902-514b-57c2-9f55-9946dba19cf0;d2aec788-8114-520a-9d9f-bfce269be902	#2563EB	true
ee5bc760-cef5-574f-97e6-963de23fe458	Stakeholder Engagement Approach	4	Bản kế hoạch hành động quy định rõ tần suất gặp gỡ, phong cách giao tiếp, vai trò trách nhiệm và các cam kết cần có từ các nhóm bên liên quan chủ chốt.	e191ec07-3e81-525d-8e3f-785d981ab395;cd88db28-6da1-5e47-a355-eed9493c363a;7dfd236f-7b1d-5174-a80a-91ea74b7f66e	#2563EB	true
5aaff8a6-c0c0-5ce1-b2eb-157998fee775	Governance Approach	4	Bộ quy chế xác lập thẩm quyền ra quyết định, nguyên tắc ưu tiên hóa, và quy trình xử lý thay đổi yêu cầu được các bên liên quan cấp cao cam kết.	41c95f67-613f-5f53-84e7-13ce1b7842b5;d23b170a-d95f-543a-9e6a-1d25fe5ba95f;5dc6013e-3bcd-5ea6-9bd1-df8af8c1dec9;cef65728-a3e2-5cb5-96da-6d498714d068	#2563EB	true
b76836da-e87c-5847-b869-d9fa03c3bbd7	Information Management Approach	4	Quy chuẩn cấu trúc cây thư mục tài liệu, công cụ quản lý yêu cầu, chiến lược phân quyền và bộ thuộc tính bắt buộc của thông tin nghiệp vụ.	ba0bf964-c767-5032-8e84-32f1ddb50fa0;57ea410d-88f2-5866-98cc-5697ab43d7d0;caaf5c76-b6ef-505c-be9b-107c4b6746d3	#2563EB	true
87bb3319-819f-5ef1-b5ab-b588cd800ea9	BA Performance Assessment	4	Báo cáo phản ánh độ chính xác của tài liệu, mức độ hài lòng của stakeholder, độ trễ thời gian và các cải tiến quy chuẩn cần áp dụng cho các chu kỳ sau.	6e46fcf5-5e66-579d-ab4b-b5c85076f94c	#2563EB	true
aeb41992-0ca2-5561-82dc-eb5eb84e9143	Creative Thinking	4	Khả năng tạo ra các ý tưởng đột phá, kết nối các khái niệm tưởng chừng không liên quan để tìm ra giải pháp mới cho các bài toán hóc búa.	6b787aac-3340-54bb-8dd5-c2713006e12f	#475569	true
79b8bac7-efb5-5751-b48c-79917cfb43e8	Decision Making	4	Khả năng lựa chọn dứt khoát giữa các phương án đánh đổi dựa trên dữ liệu, giảm thiểu sự trì trệ phân tích (analysis paralysis).	6b787aac-3340-54bb-8dd5-c2713006e12f	#475569	true
c586ee07-87e8-5f62-84d9-e9a9d10eaef3	Systems Thinking	4	Nhìn nhận doanh nghiệp như một hệ sinh thái gắn kết hữu cơ; thấu hiểu một thay đổi nhỏ tại khâu A có thể kích hoạt chuỗi phản ứng dây chuyền đến các phòng ban khác.	6b787aac-3340-54bb-8dd5-c2713006e12f	#475569	true
9ccc5f66-a9fe-5859-839e-79dbc5996409	Ethics	4	Tôn trọng tính bảo mật thông tin, trung thực khi báo cáo rủi ro và hành xử công tâm không thiên vị nhóm lợi ích cục bộ.	2af65463-0b98-5eb1-9ba6-f998e8083afb	#475569	true
5af0b923-3636-5ee6-991d-960ca6a4680b	Personal Organization	4	Kỹ năng quản lý khối lượng công việc đồ sộ, thiết lập thứ tự ưu tiên các giao phẩm phân tích và cam kết đúng hạn cam kết.	2af65463-0b98-5eb1-9ba6-f998e8083afb	#475569	true
10fd2a26-3371-5fb0-b2d2-4fe9c38a455f	Trustworthiness	4	Xây dựng niềm tin với các cấp lãnh đạo và đồng đội qua lời nói đi đôi với việc làm và sự am hiểu nghiệp vụ vững vàng.	2af65463-0b98-5eb1-9ba6-f998e8083afb	#475569	true
93c4b60c-562a-59a2-a787-41c6d2a573f1	Industry Knowledge	4	Nắm bắt quy định ngành (như Basel III cho Ngân hàng, HIPAA cho Y tế), xu hướng chuyển dịch của đối thủ cạnh tranh và chuẩn mực quốc tế.	987ab0e7-3b35-5a0d-8dfc-4ae371c33506	#475569	true
a117ef4b-2582-56f9-ae20-48ccf728891f	Organization Knowledge	4	Thấu hiểu văn hóa doanh nghiệp, sơ đồ quyền lực thực tế, mối quan hệ chính trị nội bộ và các quy trình vận hành then chốt.	987ab0e7-3b35-5a0d-8dfc-4ae371c33506	#475569	true
cecc8f48-669f-518b-9d90-0d63cd90633d	Solution Knowledge	4	Am hiểu nền tảng công nghệ mà doanh nghiệp đang ứng dụng để đưa ra các thiết kế vừa vặn, tránh đề xuất viển vông phi thực tế.	987ab0e7-3b35-5a0d-8dfc-4ae371c33506	#475569	true
f6232434-01ff-5f5a-bc78-724809fbcf83	Active Listening	4	Lắng nghe không phán xét, chú ý đến các nhu cầu không nói thành lời và xác nhận lại thông điệp bằng cách diễn giải (paraphrasing).	4a5e7c70-a44f-5da9-95f3-be6d8fcb62d6	#475569	true
7c2e21f2-78bc-5196-8764-e4fefb4f11e7	Non-Verbal Communication	4	Khả năng quan sát và diễn giải ngôn ngữ cơ thể, ánh mắt, tư thế và sắc thái cảm xúc của stakeholder trong các phiên thảo luận để thấu cảm phản ứng thực sự.	4a5e7c70-a44f-5da9-95f3-be6d8fcb62d6	#475569	true
9974d778-a494-5786-8027-eed19cc0d94f	Verbal Communication	4	Trình bày ý tưởng gãy gọn, điều chỉnh giọng điệu và từ vựng phù hợp với đối tượng (nói ngôn ngữ kinh doanh với Sếp, nói ngôn ngữ kỹ thuật với Dev).	4a5e7c70-a44f-5da9-95f3-be6d8fcb62d6	#475569	true
f8130ae2-89f2-581f-b5c1-e7a5c64c5812	Written Communication	4	Soạn thảo tài liệu đặc tả, email điều phối, và biên bản làm việc chuẩn xác, không mập mờ, cấu trúc logic dễ theo dõi.	4a5e7c70-a44f-5da9-95f3-be6d8fcb62d6	#475569	true
b3decdb0-ed54-5404-a8d1-231b6404c2cb	Facilitation	4	Dẫn dắt các buổi thảo luận đa bên đạt được mục tiêu chung, giữ trung lập và đảm bảo mọi thành viên đều có cơ hội phát biểu ý kiến.	cce466c0-fa82-51f0-8a9c-9fea74131f94	#475569	true
eb06347b-7934-5403-b877-55263c83e487	Negotiation & Conflict Resolution	4	Tìm kiếm giải pháp thắng - thắng (Win-Win) khi có sự mâu thuẫn quyền lợi giữa các phòng ban về phạm vi hay mức độ ưu tiên.	cce466c0-fa82-51f0-8a9c-9fea74131f94	#475569	true
b45f4b8f-a6af-5ade-a436-777c33ac23af	Teamwork & Leadership	4	Tạo động lực, gắn kết các thành viên nhóm dự án cùng hướng về tầm nhìn chung dù không nắm quyền quản lý trực tiếp nhân sự.	cce466c0-fa82-51f0-8a9c-9fea74131f94	#475569	true
fef1af02-b5ca-500f-9ea0-e1916e65943d	Modeling & Wireframing Tools	4	Sử dụng thành thạo Draw.io, Enterprise Architect, Lucidchart để vẽ BPMN/UML và Figma, Axure để dựng wireframe tương tác.	75680ed5-fa7e-5a58-bd55-296efc7bdf81	#475569	true
84825c17-9120-5b79-87d6-b3ce5a33a99f	Office Productivity Applications	4	Khai thác chuyên sâu bảng tính Excel phân tích dữ liệu định lượng, bài thuyết trình PowerPoint ấn tượng và công cụ cộng tác trực tuyến.	75680ed5-fa7e-5a58-bd55-296efc7bdf81	#475569	true
021d2957-4b1a-5c11-b522-9f0137e07918	Requirements Management Tools	4	Vận hành hệ thống quản lý backlog, quản lý vòng đời phát triển phần mềm (ALM) như Jira, Trello, Jama, DOORS.	75680ed5-fa7e-5a58-bd55-296efc7bdf81	#475569	true
03933a6b-d5fa-57ed-b380-ba62ee0a63ec	Lựa chọn kỹ thuật khơi gợi theo ngữ cảnh	4	Đánh giá tính chất thông tin (định lượng hay định tính), thời gian biểu của stakeholder và mức độ phức tạp để chọn kỹ thuật: ví dụ khảo sát diện rộng cho người dùng cuối nhưng phỏng vấn sâu 1-1 cho cấp quản lý.	cd88db28-6da1-5e47-a355-eed9493c363a	#059669	true
ec2e3268-3998-5356-b63b-fae04cf628de	Định dạng và Kênh truyền thông theo Đối tượng	4	Tùy biến tài liệu: Báo cáo cô đọng 1 trang chỉ số cho Ban Giám đốc; sơ đồ kiến trúc luồng dữ liệu cho Tech Lead; User Story và Acceptance Criteria chi tiết cho đội Dev/QA.	3d117562-8f35-5464-9759-d8c512a8e440	#059669	true
bd66dda3-151b-57d6-81ce-4593d14646cc	Elicitation Activity Plan	4	Lịch trình chi tiết các buổi làm việc, danh sách người tham dự, bộ tài liệu và kịch bản câu hỏi khởi động trước khi bước vào phiên khơi gợi chính thức.	cd88db28-6da1-5e47-a355-eed9493c363a;e54ab72f-cdf7-513e-9af4-e9d88f090d98	#059669	true
da9c6c95-2465-5fed-82ef-260eb2959f27	Elicitation Results - Unconfirmed	4	Bản ghi chép thô, bản thu âm, biên bản cuộc họp, sơ đồ vẽ nháp trên bảng trắng chứa đựng dữ liệu thực tế từ stakeholder trước khi được đối chiếu làm sạch.	e54ab72f-cdf7-513e-9af4-e9d88f090d98;bd78bb9e-a13b-54b3-b443-0c6aa02b8e72	#059669	true
ff4dd6cf-8291-5a6b-a8bd-00d2e3ec86f8	Elicitation Results - Confirmed	4	Thông tin nghiệp vụ đã được các bên liên quan rà soát, đồng thuận xác nhận là phản ánh đúng thực tế, sẵn sàng chuyển làm đầu vào cho mô hình hóa chi tiết (RADD).	bd78bb9e-a13b-54b3-b443-0c6aa02b8e72;57ea410d-88f2-5866-98cc-5697ab43d7d0;0cae8f8c-2042-5cc8-849b-3172cd85a52e	#059669	true
07836547-2108-55ed-a6b8-6b68c42bcc1f	BA Information Communicated	4	Sự hiểu biết thông suốt của các bên liên quan về mục tiêu, giải pháp và trách nhiệm của họ trong dự án mà không còn sự mơ hồ lệch hướng.	3d117562-8f35-5464-9759-d8c512a8e440	#059669	true
397c5a38-a449-5658-8ec4-7b04f2a96142	Stakeholder Engagement	4	Mức độ sẵn sàng tham gia đóng góp tích cực, đồng lòng phê duyệt và ủng hộ giải pháp trong suốt chặng đường chuyển đổi.	7dfd236f-7b1d-5174-a80a-91ea74b7f66e	#059669	true
9d7e8416-a548-5c97-b5e4-b79a89580de6	Tính toàn vẹn và Cấu trúc Kiến trúc Yêu cầu	4	Xác lập cấu trúc cây phân rã chức năng (Functional Decomposition), đảm bảo không có tính năng nào bị mồ côi hoặc xung đột ranh giới trách nhiệm.	58392fb5-3ec9-5b6e-a044-3a31b41eade8	#DB2777	true
bc4b9b24-d53a-5f35-9a53-41095694c933	Requirements - Specified and Modeled	4	Bộ đặc tả nghiệp vụ hoàn chỉnh gồm các sơ đồ quy trình chuẩn BPMN, User Stories kèm điều kiện nghiệm thu hoặc đặc tả Use Case chi tiết.	0cae8f8c-2042-5cc8-849b-3172cd85a52e;4561301d-a10b-5730-9104-41c6e4926732;2c5fe3a9-7a7c-5076-be31-1a81e3fa7dca;58392fb5-3ec9-5b6e-a044-3a31b41eade8	#DB2777	true
1a16754c-3735-54bd-90a1-c1c02342eb8b	Requirements - Verified	4	Tập tài liệu yêu cầu chuẩn mực không còn lỗi chính tả nghiệp vụ, không mơ hồ ngữ nghĩa và có thể kiểm thử được.	4561301d-a10b-5730-9104-41c6e4926732;2c5fe3a9-7a7c-5076-be31-1a81e3fa7dca	#DB2777	true
3d5d15b9-7eb9-5db3-a51f-3fb1da3e087a	Requirements - Validated	4	Chứng nhận rằng giải pháp đề xuất không bị lệch hướng mục tiêu ban đầu, loại bỏ các yêu cầu dư thừa không mang lại giá trị kinh tế (scope creep).	cef65728-a3e2-5cb5-96da-6d498714d068;2c5fe3a9-7a7c-5076-be31-1a81e3fa7dca	#DB2777	true
8be1a8ea-47bd-59fd-be27-59033b64638d	Requirements Architecture	4	Bản đồ cấu trúc yêu cầu toàn diện, giúp định hình khung nhìn theo góc độ kinh doanh, góc độ người dùng và góc độ kỹ thuật.	58392fb5-3ec9-5b6e-a044-3a31b41eade8;b3b1fcdf-0432-50a2-a3a2-96ac55172ef1	#DB2777	true
492d1b35-e507-58c3-8ffd-ba09596c15bf	Design Options	4	Tập hợp các phương án giải pháp khả thi kèm phân tích sơ bộ về công nghệ, cách triển khai vận hành và sự đánh đổi (trade-offs).	b3b1fcdf-0432-50a2-a3a2-96ac55172ef1;6099c115-0a06-5aa2-bf2c-8a624f904fde	#DB2777	true
57ac4ee5-2409-5d03-888e-a57f2d710b70	Solution Recommendation	4	Đề xuất giải pháp chính thức được chứng minh bằng số liệu kinh tế và kỹ thuật vững chắc trình lên Hội đồng quản trị duyệt cấp ngân sách thực hiện.	6099c115-0a06-5aa2-bf2c-8a624f904fde;d331594a-da1e-54e7-948b-f7cc443afb6a	#DB2777	true
b1894f25-d020-5b5a-bf0b-bd31e3aed080	Traceability Relationships (Derive, Depends, Satisfy, Validate)	4	Xác định bản chất liên kết: Yêu cầu A kế thừa từ B (Derive), A phụ thuộc kỹ thuật vào B (Depends), Thiết kế C thỏa mãn Yêu cầu A (Satisfy), Ca kiểm thử D xác minh Yêu cầu A (Validate).	57ea410d-88f2-5866-98cc-5697ab43d7d0	#EA580C	true
a24c234c-49c0-5822-ace2-05f47ad16850	Requirements Reuse	4	Chuẩn hóa các yêu cầu mang tính dùng chung (chính sách bảo mật, quy tắc tính thuế VAT, tiêu chuẩn định danh khách hàng) vào thư viện nghiệp vụ trung tâm của công ty.	caaf5c76-b6ef-505c-be9b-107c4b6746d3	#EA580C	true
848afcf7-8c5c-5dd7-93e6-18e7e86eb25b	Requirements - Traced	4	Mạng lưới liên kết dữ liệu giúp BA trả lời tức thì: Tính năng này làm vì mục tiêu kinh doanh nào? Và nếu sửa đổi nó thì những module, test case nào bị ảnh hưởng?	57ea410d-88f2-5866-98cc-5697ab43d7d0;5dc6013e-3bcd-5ea6-9bd1-df8af8c1dec9;4561301d-a10b-5730-9104-41c6e4926732	#EA580C	true
eaa73859-c5e4-5e53-9a4e-15b58b299cee	Requirements - Maintained	4	Tập tài sản tri thức nghiệp vụ chuẩn xác làm cơ sở vận hành cho đội sản phẩm và tiết kiệm chi phí phân tích cho các dự án tương lai.	caaf5c76-b6ef-505c-be9b-107c4b6746d3	#EA580C	true
88690d55-684b-540d-9000-b758d535981f	Requirements - Prioritized	4	Danh sách yêu cầu có thứ tự triển khai rõ ràng, giúp đội phát triển biết chính xác cần tập trung làm gì trước để tối ưu hóa ROI.	d23b170a-d95f-543a-9e6a-1d25fe5ba95f;b3b1fcdf-0432-50a2-a3a2-96ac55172ef1	#EA580C	true
f325978b-68cd-5eb7-b17a-d00b0f5a3896	Requirements Change Assessment	4	Báo cáo phân tích tác động làm căn cứ pháp lý để Hội đồng kiểm soát thay đổi (CCB) quyết định phê duyệt chấp thuận, bác bỏ hoặc hoãn thi hành.	5dc6013e-3bcd-5ea6-9bd1-df8af8c1dec9;cef65728-a3e2-5cb5-96da-6d498714d068	#EA580C	true
c317153c-09a0-5e9d-970e-70a29e5b1490	Requirements - Approved	4	Baseline yêu cầu chính thức có chữ ký xác nhận của Nhà tài trợ và các bên liên quan chủ chốt; làm cơ sở đối chiếu nghiệm thu sản phẩm bàn giao sau này.	cef65728-a3e2-5cb5-96da-6d498714d068	#EA580C	true
cf7525fc-7336-50e8-a4ca-476f53f00d85	Phương pháp Thu thập Thước đo Hiệu suất	4	Sử dụng công cụ giám sát tự động (Analytics, log hệ thống) kết hợp khảo sát mức độ hài lòng khách hàng định kỳ.	d331594a-da1e-54e7-948b-f7cc443afb6a	#0891B2	true
81c78db7-6e28-5d43-9a26-f2527ad569b9	Solution Performance Measures	4	Số liệu thống kê thực tế về tốc độ xử lý, tỷ lệ lỗi phát sinh, doanh thu thực tế ghi nhận sau khi giải pháp đi vào hoạt động.	d331594a-da1e-54e7-948b-f7cc443afb6a;bd852669-b0d3-575c-9342-e232986379b5	#0891B2	true
9e17f7e9-b369-5173-a6a5-c54c0822ecc5	Solution Performance Analysis	4	Báo cáo giải trình: Giải pháp đang vượt chỉ tiêu hay đang hoạt động dưới mức kỳ vọng? Đâu là nguyên nhân trực tiếp dẫn tới sự sai lệch này?	bd852669-b0d3-575c-9342-e232986379b5;8485acbc-210f-5ada-93be-66fb436f71da;93e5e972-31a1-5b5d-8a71-267c6422789e	#0891B2	true
5a788b78-5fe7-5dac-8c1d-9981f7182626	Solution Limitation	4	Danh mục các lỗi giao diện phức tạp, module quá tải, hoặc các tính năng bị người dùng bỏ quên không sử dụng.	8485acbc-210f-5ada-93be-66fb436f71da;2a7ba964-2983-5bfa-a69b-770ee78be3fc	#0891B2	true
ba40d05d-67f6-579c-955c-d4c1d20303bb	Enterprise Limitation	4	Báo cáo chỉ rõ các nguyên nhân tổ chức: Nhân viên chưa được đào tạo kỹ năng mới, các phòng ban đùn đẩy trách nhiệm, hoặc chính sách thưởng phạt chưa khuyến khích sử dụng phần mềm mới.	93e5e972-31a1-5b5d-8a71-267c6422789e;2a7ba964-2983-5bfa-a69b-770ee78be3fc	#0891B2	true
feceaf0a-a5cf-58b4-ac7f-42c85f3a06d1	Recommended Actions	4	Lộ trình tối ưu hóa giải pháp: Danh sách nâng cấp tính năng quan trọng, kế hoạch đào tạo lại nhân viên, hoặc kế hoạch chuyển giao dừng hệ thống cũ.	5dc6013e-3bcd-5ea6-9bd1-df8af8c1dec9;8068ba7f-84a8-5bbf-a8ee-8237a82f99fe;2a7ba964-2983-5bfa-a69b-770ee78be3fc	#0891B2	true
288c507b-3dbe-5a63-8dce-3379f6b05ac4	Nhu cầu Nghiệp vụ và Năng lực Tổ chức Hiện tại	4	Đo lường năng lực thực thi hiện tại so với mục tiêu chiến lược để phát hiện khoảng cách năng lực (Capability Gap) cần được lấp đầy.	8068ba7f-84a8-5bbf-a8ee-8237a82f99fe	#7C3AED	true
6c2d07f9-fadd-54bb-98a4-aca46da92be7	Business Objectives	4	Thiết lập mục tiêu theo tiêu chuẩn SMART (Cụ thể, Đo lường được, Khả thi, Phù hợp, Có thời hạn) gắn chặt với tầm nhìn của ban lãnh đạo.	6b96d09b-b86a-5e6c-b2b4-76c39faa00ac	#7C3AED	true
dda2e354-400a-53bb-86e7-0812ddadacd7	Current State Description	4	Bức tranh toàn cảnh về hoạt động vận hành, hệ thống IT, văn hóa tổ chức và các hạn chế nội tại đang kìm hãm doanh nghiệp phát triển.	8068ba7f-84a8-5bbf-a8ee-8237a82f99fe;6b96d09b-b86a-5e6c-b2b4-76c39faa00ac;a4244902-514b-57c2-9f55-9946dba19cf0;d2aec788-8114-520a-9d9f-bfce269be902;0cae8f8c-2042-5cc8-849b-3172cd85a52e	#7C3AED	true
e5378321-fb05-54a5-a410-74a01df7cb59	Future State Description & Business Objectives	4	Kịch bản vận hành lý tưởng, năng lực mới cần có và các ngưỡng chỉ số tài chính, thị phần kỳ vọng giải pháp sẽ mang lại cho tổ chức.	6b96d09b-b86a-5e6c-b2b4-76c39faa00ac;a4244902-514b-57c2-9f55-9946dba19cf0;d2aec788-8114-520a-9d9f-bfce269be902;2c5fe3a9-7a7c-5076-be31-1a81e3fa7dca;6099c115-0a06-5aa2-bf2c-8a624f904fde	#7C3AED	true
641c4780-2f81-5256-9224-24dd2181cf0e	Risk Assessment	4	Bảng đăng ký rủi ro (Risk Register) phân loại rủi ro kỹ thuật, rủi ro tổ chức, rủi ro tài chính kèm chiến lược xử lý: Tránh né, Chuyển giao, Giảm thiểu hoặc Chấp nhận.	a4244902-514b-57c2-9f55-9946dba19cf0;d2aec788-8114-520a-9d9f-bfce269be902	#7C3AED	true
944dd59c-951f-550f-ae1a-25db1092d546	Change Strategy	4	Kế hoạch chiến lược toàn diện gồm lộ trình phát hành (Release Roadmap), cấu trúc các giai đoạn chuyển tiếp, ngân sách dự kiến và cam kết giá trị kỳ vọng.	d2aec788-8114-520a-9d9f-bfce269be902;b3b1fcdf-0432-50a2-a3a2-96ac55172ef1	#7C3AED	true
efccffb6-769a-5ce4-8c57-5aa64970bc79	Functional Requirements	5	Quy định các hành vi, nghiệp vụ cụ thể mà giải pháp phải thực hiện được (ví dụ: tính toán thuế, gửi email thông báo, luồng thanh toán giỏ hàng).	d9e66aec-9a1d-53f4-8855-b4a70b0011c8	#D97706	true
5442b234-3c65-544d-85ae-11f4ea88ab80	Non-Functional Requirements	5	Các điều kiện môi trường hoặc tiêu chuẩn định tính mà giải pháp phải duy trì hiệu quả: SLA thời gian phản hồi, khả năng chịu tải đồng thời, chuẩn mã hóa dữ liệu, tính khả dụng và tuân thủ kiểm toán.	d9e66aec-9a1d-53f4-8855-b4a70b0011c8	#D97706	true
216db8a2-d5bc-51c6-a496-1d5070a93e81	Adaptive / Agile	5	Áp dụng trong môi trường công nghệ số biến động nhanh, sản phẩm mới cần thử nghiệm thị trường liên tục. Tập trung bàn giao sản phẩm khả dụng tối thiểu (MVP) và lặp lại liên tục.	5224b426-07b5-540d-9dee-8490a29d1207	#2563EB	true
925acfd5-7c57-51af-8358-055166f8eb0b	Predictive Plan-Driven	5	Áp dụng khi phạm vi rõ ràng, yêu cầu tuân thủ kiểm toán gắt gao hoặc hợp đồng bàn giao trọn gói (Fixed-price). Ưu tiên phê duyệt nghiêm ngặt trước khi chuyển pha xây dựng.	5224b426-07b5-540d-9dee-8490a29d1207	#2563EB	true
e2eb7d45-46e0-5408-a048-a0c46dee897a	RACI Matrix	5	Làm rõ 4 vai trò cho từng tác vụ BA: Responsible (Người trực tiếp làm), Accountable (Người chịu trách nhiệm cuối cùng), Consulted (Chuyên gia được tham vấn), Informed (Người được cập nhật thông báo kết quả).	e191ec07-3e81-525d-8e3f-785d981ab395	#2563EB	true
85ef3ee9-1d90-5b24-94e6-3c9899fd9c56	Lessons Learned / Retrospective	5	Buổi họp đúc kết định kỳ để trả lời: Điều gì đã làm tốt? Điều gì còn vướng mắc? Cần thay đổi hành động gì ngay lập tức để nâng cao hiệu suất phân tích.	6e46fcf5-5e66-579d-ab4b-b5c85076f94c	#2563EB	true
6a6dfced-ba4d-57a5-9e6f-04dcd7407632	Power/Interest Grid	5	Phân loại các bên liên quan thành 4 ô: Quyền lực cao/Quan tâm cao (Quản lý chặt chẽ), Quyền lực cao/Quan tâm thấp (Giữ thỏa mãn), Quyền lực thấp/Quan tâm cao (Thông tin đầy đủ), Quyền lực thấp/Quan tâm thấp (Giám sát tối thiểu).	e191ec07-3e81-525d-8e3f-785d981ab395	#2563EB	true
262a0771-8fa1-5a6a-be20-f0197aaf2d28	Interviews	5	Trao đổi trực tiếp có cấu trúc hoặc bán cấu trúc với từng cá nhân để khai thác nhu cầu tiềm ẩn, nỗi đau (pain-points) và kỳ vọng cá nhân mà họ ngại chia sẻ trước đám đông.	e54ab72f-cdf7-513e-9af4-e9d88f090d98	#059669	true
83e6030e-f773-5f24-91d4-858c5b433157	Observation / Job Shadowing	5	Theo dõi người dùng làm việc thực tế trên môi trường sản xuất để phát hiện thao tác thừa, thói quen đi đường tắt (workarounds) mà họ thường quên kể trong phòng phỏng vấn.	e54ab72f-cdf7-513e-9af4-e9d88f090d98	#059669	true
79054801-1102-5f70-838f-9f4b80b166ca	Requirements Workshop	5	Tập hợp đa phòng ban trong một không gian có người điều phối (Facilitator) trung lập để thảo luận dứt điểm các quy trình nghiệp vụ giao thoa và xử lý xung đột góc nhìn.	e54ab72f-cdf7-513e-9af4-e9d88f090d98	#059669	true
2434fb42-3898-5cf7-b748-37d4689f8ebb	Data Modeling - ERD & Data Dictionary	5	Xác lập cấu trúc các thực thể dữ liệu (Entities), thuộc tính (Attributes) và quan hệ ràng buộc (1-1, 1-N, N-N) làm móng cho thiết kế cơ sở dữ liệu hệ thống.	0cae8f8c-2042-5cc8-849b-3172cd85a52e	#DB2777	true
89d4d3dd-6778-5fa0-999f-a7e21494eb85	Multi-Criteria Decision Analysis	5	Chấm điểm các phương án dựa trên trọng số các tiêu chí: Chi phí (30%), Thời gian triển khai (25%), Khả năng mở rộng (25%), Trải nghiệm người dùng (20%).	6099c115-0a06-5aa2-bf2c-8a624f904fde	#DB2777	true
7a55b746-09d4-53ed-aed8-09583817426d	Process Modeling - BPMN	5	Vẽ sơ đồ quy trình trực quan qua Swimlanes, cổng quyết định (Gateways), sự kiện bắt đầu/kết thúc để chuẩn hóa dòng chảy công việc giữa các phòng ban.	0cae8f8c-2042-5cc8-849b-3172cd85a52e	#DB2777	true
915e7b42-3dc8-5c26-ac6c-58b751c29968	Prototyping & Wireframing	5	Dựng bản mẫu giao diện từ Low-fidelity (phác thảo giấy) đến High-fidelity tương tác để người dùng trực tiếp trải nghiệm và phản hồi trước khi lập trình.	b3b1fcdf-0432-50a2-a3a2-96ac55172ef1	#DB2777	true
088c548a-5400-5569-9999-6dffce1c36c8	User Story & Acceptance Criteria	5	Định dạng chuẩn Agile: As a [Role], I want [Feature], So that [Benefit]. Đi kèm bộ tiêu chí nghiệm thu định dạng Gherkin (Given-When-Then) để dev và tester làm việc ăn khớp.	0cae8f8c-2042-5cc8-849b-3172cd85a52e	#DB2777	true
06d74d85-60ae-593a-990e-7385c0a860dc	Use Case and Scenarios	5	Mô tả tương tác giữa Tác nhân (Actor) và Hệ thống để hoàn thành mục tiêu nghiệp vụ; gồm luồng chính (Main flow), luồng rẽ nhánh (Alternative) và luồng xử lý ngoại lệ (Exception).	0cae8f8c-2042-5cc8-849b-3172cd85a52e	#DB2777	true
d27be2ce-698f-5529-a50a-8ca45be0b3fb	Vendor Assessment	5	Thẩm định các nhà cung cấp giải pháp đóng gói dựa trên tính năng đáp ứng, chi phí bản quyền, uy tín hỗ trợ và khả năng tích hợp hệ thống.	b3b1fcdf-0432-50a2-a3a2-96ac55172ef1	#DB2777	true
79967eb7-4971-5bd5-903d-5e9c219b1b22	Phẩm chất Chất lượng Yêu cầu của BABOK	5	Bộ tiêu chí kiểm tra: Atomic (Đơn nguyên), Complete (Đầy đủ), Consistent (Nhất quán), Concise (Ngắn gọn), Feasible (Khả thi), Unambiguous (Rõ ràng), Testable (Khả kiểm), Prioritized (Có ưu tiên), Understandable (Dễ hiểu).	4561301d-a10b-5730-9104-41c6e4926732	#DB2777	true
351bcdb2-a3a1-5c05-9084-7c8352e3e4ba	Impact Analysis	5	Đánh giá hiệu ứng domino của thay đổi: Tác động đến người dùng cuối, tác động đến cơ sở dữ liệu, thời gian làm lại của dev, ngân sách phát sinh và nguy cơ vi phạm hợp đồng.	5dc6013e-3bcd-5ea6-9bd1-df8af8c1dec9	#EA580C	true
1b2dde7e-65d1-53ec-a327-bd1123f4e953	Kano Analysis	5	Phân loại tính năng thành: Căn bản (Must-be - thiếu sẽ giận dữ, đủ thấy bình thường), Hiệu suất (Performance - càng nhiều càng thích), Hào hứng (Delighter - không có không sao, có sẽ cực kỳ bất ngờ trung thành).	d23b170a-d95f-543a-9e6a-1d25fe5ba95f	#EA580C	true
c0a7b8db-0140-5eb1-95f1-add181339c35	MoSCoW (Must, Should, Could, Won't)	5	Bộ lọc 4 cấp độ: Must Have (Bắt buộc phải có để hệ thống hoạt động), Should Have (Quan trọng nhưng có giải pháp thay thế tạm thời), Could Have (Có thì tốt nếu dư thời gian), Won't Have (Chưa làm trong đợt này).	d23b170a-d95f-543a-9e6a-1d25fe5ba95f	#EA580C	true
9b3c342b-0e4a-5d0a-8f15-0f277c59e735	Requirements Traceability Matrix - RTM	5	Bảng tổng hợp đối chiếu từ Business Requirement -> User Story -> Functional Spec -> Code Component -> Test Case ID, đảm bảo không bỏ sót phạm vi.	57ea410d-88f2-5866-98cc-5697ab43d7d0	#EA580C	true
6199a04a-445d-5afe-99c4-7dd32ebdb852	Cost-Benefit Analysis for Enhancement	5	Tính toán cân nhắc: Bỏ thêm ngân sách nâng cấp module này có thu về thêm giá trị biên tương xứng hay tốt hơn là giữ nguyên hiện trạng.	2a7ba964-2983-5bfa-a69b-770ee78be3fc	#0891B2	true
fbe3efee-5a8d-57fa-9fbc-8b25b8a213a4	Defect & Failure Analysis	5	Theo dõi tỉ lệ phát sinh bug trên production, phân loại mức độ nghiêm trọng và xác định các module lỗi làm suy giảm trải nghiệm khách hàng.	8485acbc-210f-5ada-93be-66fb436f71da	#0891B2	true
dc439879-1929-5558-82e3-a7b85ec7c420	Organizational Readiness Assessment	5	Đo lường mức độ đón nhận chuyển đổi số của đội ngũ nhân sự và khả năng thích ứng của các quy trình nghiệp vụ hiện hành.	93e5e972-31a1-5b5d-8a71-267c6422789e	#0891B2	true
1c105a9c-9abe-50f4-8410-788023582ee1	Business Case	5	Tài liệu biện minh quyết định đầu tư: Tổng hợp chi phí dự kiến, lợi ích kinh tế, phân tích rủi ro và các kịch bản lựa chọn để xin phê duyệt ngân sách từ Hội đồng quản trị.	d2aec788-8114-520a-9d9f-bfce269be902	#7C3AED	true
53225092-7960-54d8-bc50-c15978b958ac	Financial Analysis - ROI, NPV, IRR	5	Bộ công cụ tính toán tài chính thực chứng: Tỷ suất sinh lời (ROI), Giá trị hiện tại thuần (NPV), Thời gian hoàn vốn (Payback Period) để chứng minh dự án có lời.	d2aec788-8114-520a-9d9f-bfce269be902	#7C3AED	true
6bde11d4-7867-5d3a-9cc0-a0ac3c398bd5	Metrics & Key Performance Indicators	5	Định nghĩa công thức đo lường mức độ thành công định lượng: Tỷ lệ chuyển đổi mua hàng (CR), Chỉ số giữ chân người dùng (Retention Rate), Thời gian xử lý đơn hàng (SLA).	6b96d09b-b86a-5e6c-b2b4-76c39faa00ac	#7C3AED	true
1a685b09-0083-5771-bf70-b1eba76fab7f	Probability and Impact Matrix	5	Định vị rủi ro vào thang điểm để ưu tiên dập tắt trước các rủi ro thuộc vùng đỏ nguy cấp (Khả năng xảy ra cao + Thiệt hại nghiêm trọng).	a4244902-514b-57c2-9f55-9946dba19cf0	#7C3AED	true
f00e5ab0-6f31-5bf6-abcc-986cf7939db5	Root Cause Analysis - 5 Whys & Fishbone	5	Khai quật căn nguyên thực sự của vấn đề thay vì chỉ chữa cháy triệu chứng bề mặt bằng sơ đồ xương cá Ishikawa hoặc kỹ thuật đặt câu hỏi 5 Whys.	8068ba7f-84a8-5bbf-a8ee-8237a82f99fe	#7C3AED	true
f6504e50-a759-5506-a7ad-90af8c332811	Strengths, Weaknesses, Opportunities, Threats	5	Công cụ chiến lược định vị: Điểm mạnh & Điểm yếu bên trong tổ chức; Cơ hội & Thách thức từ môi trường bên ngoài để định hình hướng đi.	8068ba7f-84a8-5bbf-a8ee-8237a82f99fe	#7C3AED	true
